"population","n","simulated_mean","simulated_sd","theoretical_mean","theoretical_sd","mean_error","sd_ratio","skewness","excess_kurtosis","qq_correlation","qq_rmse","normal_enough","stable_pass"
"Standard Normal",2,0.00762030254602326,0.708560723443816,0,0.707106781186547,0.00762030254602326,1.00205618485914,0.00179639218693783,0.051372152346473,0.999918006775836,0.012804986837015,TRUE,TRUE
"Standard Normal",5,0.00318715318573977,0.447546158970669,0,0.447213595499958,0.00318715318573977,1.00074363452734,0.0109803963339268,0.00108190113675954,0.999943366294841,0.0106421112101974,TRUE,TRUE
"Standard Normal",10,0.00185430232016698,0.315648299073303,0,0.316227766016838,0.00185430232016698,0.998167564629654,0.00616539245506943,-0.0523102794757548,0.999937643030189,0.011166903466702,TRUE,TRUE
"Standard Normal",15,0.00284763076422881,0.257208893689023,0,0.258198889747161,0.00284763076422881,0.996165761754018,-0.0183401827163621,-0.0152102038724449,0.999906268489566,0.0136909290489625,TRUE,TRUE
"Standard Normal",20,0.00335010138045786,0.22251160373336,0,0.223606797749979,0.00335010138045786,0.995102143460579,0.0158472357594935,-0.00968424273299151,0.99991257303859,0.013222477160195,TRUE,TRUE
"Standard Normal",30,0.000834561170103478,0.182022379103729,0,0.182574185835055,0.000834561170103478,0.996977630058695,-0.0131690829986037,-0.067527574858957,0.999920221568279,0.0126308596955267,TRUE,TRUE
"Standard Normal",40,0.000218092861237101,0.156789047613946,0,0.158113883008419,0.000218092861237101,0.991621005257318,-0.0314574926140182,-0.00901448225946933,0.999919402196009,0.012695557143359,TRUE,TRUE
"Standard Normal",50,-0.0005829521317716,0.140397463250114,0,0.14142135623731,-0.0005829521317716,0.992759983255446,-0.000705006884880626,0.0204724723719187,0.999916336325464,0.0129347671513937,TRUE,TRUE
"Standard Normal",75,-0.000382630509757611,0.115255369296091,0,0.115470053837925,-0.000382630509757611,0.998140777329719,-0.00566762217406601,0.0412784398797217,0.999848022402541,0.0174333073293365,TRUE,TRUE
"Standard Normal",100,-0.000679545823984505,0.100108728807997,0,0.1,-0.000679545823984505,1.00108728807997,0.00727058702333811,-0.0410126232338315,0.999930140488918,0.0118196055626648,TRUE,TRUE
"Standard Normal",150,0.000158925490261744,0.08181623602002,0,0.0816496580927726,0.000158925490261744,1.00204015462083,-0.00373302648747218,0.000222294783682297,0.999960903955567,0.0088421307783925,TRUE,TRUE
"Standard Normal",200,0.000237655054901928,0.0705802470327419,0,0.0707106781186548,0.000237655054901928,0.998155425893469,0.0123483835565728,-0.110507083137361,0.999885901413711,0.0151053290800776,TRUE,TRUE
"Standard Normal",300,0.0002072678483373,0.0580069320953845,0,0.0577350269189626,0.0002072678483373,1.00470953580404,-0.017201906088581,-0.0154186572131838,0.999904842650522,0.0137946687402633,TRUE,FALSE
"Standard Normal",500,-0.000401068902171289,0.0444720787960872,0,0.0447213595499958,-0.000401068902171289,0.99442591288778,-0.0113322886272203,0.0539971620890349,0.999842359299721,0.0177551428256644,TRUE,FALSE
"Continuous Uniform",2,0.498788466338197,0.2021686838047,0.5,0.204124145231931,-0.00121153366180349,0.990420234583176,-0.0171515752057375,-0.60289557230168,0.996314312590374,0.0858517345657686,FALSE,FALSE
"Continuous Uniform",5,0.499611334457905,0.129424040387902,0.5,0.129099444873581,-0.00038866554209499,1.00251430604244,0.0112665042747322,-0.237448341060835,0.999612636917164,0.0278322939598363,TRUE,TRUE
"Continuous Uniform",10,0.499546410393254,0.0904787454151196,0.5,0.0912870929175277,-0.000453589606746074,0.991144996772563,0.018705549712633,-0.124652179404102,0.999826923839058,0.018604097356749,TRUE,TRUE
"Continuous Uniform",15,0.499736453464633,0.0743523752318745,0.5,0.074535599249993,-0.000263546535366532,0.997541791842258,-0.0084050709704346,-0.0551014069367688,0.99994026096837,0.0109299800456243,TRUE,TRUE
"Continuous Uniform",20,0.499826310448714,0.0648588927646178,0.5,0.0645497224367903,-0.000173689551285938,1.00478964612327,0.00290467971904757,-0.0671453926763577,0.999923373887897,0.0123788007685859,TRUE,TRUE
"Continuous Uniform",30,0.500702183715098,0.0528094909686927,0.5,0.052704627669473,0.000702183715098115,1.00198964121096,-0.0148565609617446,-0.0551588127954545,0.999919634026332,0.0126772853675155,TRUE,TRUE
"Continuous Uniform",40,0.501018977136625,0.0454714178603312,0.5,0.0456435464587638,0.00101897713662535,0.996228851353867,0.0173107619843857,0.0269593089149724,0.999927206484661,0.0120652560580384,TRUE,TRUE
"Continuous Uniform",50,0.501008810166662,0.0404258529179351,0.5,0.0408248290463863,0.0010088101666621,0.990227120657434,0.0106450114352175,-0.0454003311709545,0.999913137732979,0.0131797057799173,TRUE,TRUE
"Continuous Uniform",75,0.500296533235019,0.0335974420399127,0.5,0.0333333333333333,0.00029653323501877,1.00792326119738,-0.00206250318072071,0.0172365226180982,0.999901957851728,0.0140022074769313,TRUE,TRUE
"Continuous Uniform",100,0.499912534795787,0.0290596200795742,0.5,0.0288675134594813,-8.74652042126001e-05,1.00665476852942,-0.0018769300888955,-0.0536178158362954,0.99984964328471,0.0173400927338361,TRUE,TRUE
"Continuous Uniform",150,0.49994047432467,0.0239455500895786,0.5,0.0235702260395516,-5.95256753301299e-05,1.01592365085499,0.0175841631719812,0.00448877485522692,0.99991652179497,0.0129204220230431,TRUE,TRUE
"Continuous Uniform",200,0.499880140468443,0.0206161418463394,0.5,0.0204124145231931,-0.000119859531557187,1.00998055976743,0.0336059490015754,-0.0299455851194939,0.999916198082447,0.0129454492088972,TRUE,TRUE
"Continuous Uniform",300,0.499934805111238,0.0166709546500833,0.5,0.0166666666666667,-6.51948887617215e-05,1.000257279005,0.00423020871338544,-0.0269294182497468,0.999940034355935,0.0109506911251225,TRUE,FALSE
"Continuous Uniform",500,0.499994716921765,0.0129148373522811,0.5,0.0129099444873581,-5.28307823505214e-06,1.00037899968724,0.0207256708321725,0.0270006151570006,0.999924045154072,0.0123244607097948,TRUE,FALSE
"Six-Sided Die",2,3.5018,1.21391685028759,3.5,1.20761472884912,0.00179999999999936,1.00521865234657,0.0172728410942305,-0.618906757064371,0.98748459048186,0.158202139203185,FALSE,FALSE
"Six-Sided Die",5,3.48818,0.768816880368481,3.5,0.763762615825973,-0.0118199999999997,1.00661758567096,-0.011109535629113,-0.249000332604412,0.996680100533009,0.0814802385392905,FALSE,FALSE
"Six-Sided Die",10,3.49236,0.546744477203328,3.5,0.540061724867322,-0.00763999999999987,1.01237405286895,-0.00521605780521792,-0.125952926677718,0.998439892177811,0.0558556541013218,TRUE,TRUE
"Six-Sided Die",15,3.49620666666667,0.442667526942624,3.5,0.440958551844098,-0.00379333333333332,1.003875591235,-0.0241683004922791,-0.195075952875209,0.998759546111172,0.0498058265588428,TRUE,TRUE
"Six-Sided Die",20,3.498115,0.385593133991641,3.5,0.381881307912987,-0.00188500000000014,1.00971984226968,-0.00725012160027513,-0.0950392962633035,0.999120285583339,0.0419431171210396,TRUE,TRUE
"Six-Sided Die",30,3.49974666666667,0.314328268682151,3.5,0.311804782231162,-0.000253333333333217,1.00809316147409,-0.0187593801935271,-0.0409963197789747,0.999436016926568,0.033583263814153,TRUE,TRUE
"Six-Sided Die",40,3.498205,0.270345772407612,3.5,0.270030862433661,-0.00179499999999999,1.00116619993401,-0.00177060865764938,-0.00208126474506631,0.999442741374061,0.0333824545666717,TRUE,TRUE
"Six-Sided Die",50,3.496238,0.244201578203499,3.5,0.241522945769824,-0.00376200000000004,1.0110905919317,-0.0203285738786206,0.0939670610743581,0.999588882311762,0.0286729888395596,TRUE,TRUE
"Six-Sided Die",75,3.497972,0.199159378655022,3.5,0.197202659436654,-0.00202800000000014,1.00992237743628,0.00845031470843767,0.0346328531932696,0.999751542127702,0.0222903203081637,TRUE,TRUE
"Six-Sided Die",100,3.497707,0.173872583573524,3.5,0.170782512765993,-0.00229299999999988,1.01809360195891,-0.0145266598620386,0.0359850465671605,0.999808805802645,0.0195536265056816,TRUE,TRUE
"Six-Sided Die",150,3.498206,0.141061508487238,3.5,0.139443337755679,-0.00179399999999985,1.01160450371888,0.0141663371633407,0.00325948382927566,0.999840412403772,0.0178644461757154,TRUE,TRUE
"Six-Sided Die",200,3.498607,0.122569069787964,3.5,0.120761472884912,-0.0013930000000002,1.01496832441564,-0.0122664773607695,-0.0314816714047321,0.99985809816024,0.0168455046152399,TRUE,TRUE
"Six-Sided Die",300,3.499161,0.0994275459061046,3.5,0.0986013297183269,-0.000839000000000034,1.00837936151711,-0.00716273171603853,-0.0851620635193973,0.999855999510599,0.0169696151490841,TRUE,FALSE
"Six-Sided Die",500,3.4999068,0.0763003793473454,3.5,0.0763762615825973,-9.31999999997934e-05,0.999006468323015,-0.00602024158256273,0.0411387053168779,0.999898989627431,0.0142125850727558,TRUE,FALSE
"Exponential(rate = 1)",2,0.997601420304108,0.698426862786158,1,0.707106781186547,-0.00239857969589241,0.987724741677877,1.31563303918182,2.4796252629496,0.952222912357393,0.309100461953469,FALSE,FALSE
"Exponential(rate = 1)",5,1.00243355889069,0.444174568146527,1,0.447213595499958,0.00243355889068653,0.993204528252247,0.905784896765838,1.49440187964221,0.978807044903275,0.205866450886649,FALSE,FALSE
"Exponential(rate = 1)",10,0.999971175523711,0.315005717652526,1,0.316227766016838,-2.88244762887135e-05,0.99613554375789,0.670992255072501,0.731577543339178,0.987861522754427,0.155801603707033,FALSE,FALSE
"Exponential(rate = 1)",15,0.999215723585233,0.258482501784919,1,0.258198889747161,-0.00078427641476686,1.00109842469902,0.560077300792488,0.538280290429365,0.991497234563314,0.130397696513302,FALSE,FALSE
"Exponential(rate = 1)",20,0.998599205813854,0.223671329515799,1,0.223606797749979,-0.00140079418614569,1.00028859483016,0.467825122056578,0.291264236672588,0.993832645309195,0.111055298694516,FALSE,FALSE
"Exponential(rate = 1)",30,0.998331525694433,0.182557783968751,1,0.182574185835055,-0.00166847430556705,0.9999101632784,0.398116042366646,0.211309103674505,0.995527177132403,0.0945759414423665,FALSE,FALSE
"Exponential(rate = 1)",40,0.997941291701353,0.157271673702522,1,0.158113883008419,-0.00205870829864729,0.994673400653553,0.345696253519939,0.198398248094067,0.99666200311618,0.0817020190024779,FALSE,FALSE
"Exponential(rate = 1)",50,0.999468489362608,0.14028332163198,1,0.14142135623731,-0.000531510637391763,0.991952880133462,0.293219100592132,0.161797170811286,0.997600984937441,0.0692638002520039,FALSE,FALSE
"Exponential(rate = 1)",75,1.00072628493315,0.116985479920365,1,0.115470053837925,0.000726284933154631,1.01312397484951,0.221053673985502,0.131728761937507,0.998615155351176,0.052624788775089,FALSE,FALSE
"Exponential(rate = 1)",100,1.00070865455243,0.100615019355397,1,0.1,0.000708654552425303,1.00615019355397,0.18926599705712,0.0647568262699689,0.998916126678899,0.0465563694489869,TRUE,TRUE
"Exponential(rate = 1)",150,0.999624554872288,0.0820849124794344,1,0.0816496580927726,-0.000375445127712037,1.00533075577815,0.152745959010171,0.0935134501021624,0.999268307782986,0.0382519934414237,TRUE,TRUE
"Exponential(rate = 1)",200,1.00063751403959,0.0713043449855928,1,0.0707106781186548,0.000637514039589338,1.00839571734755,0.14349411804329,0.104477345973004,0.999363905307169,0.0356656995424361,TRUE,TRUE
"Exponential(rate = 1)",300,0.999946628838932,0.0580547830663726,1,0.0577350269189626,-5.33711610684051e-05,1.00553833893347,0.117066292610489,0.00648284473648664,0.999563820069644,0.0295340305585259,TRUE,FALSE
"Exponential(rate = 1)",500,1.0000817077218,0.0446602899992396,1,0.0447213595499958,8.1707721796942e-05,0.998634443331539,0.0885861160130421,-0.0495793476205906,0.999694937895655,0.0246992655048252,TRUE,FALSE
"Poisson(lambda = 1)",2,0.9957,0.701520294127191,1,0.707106781186547,-0.00429999999999953,0.992099514234637,0.674047171573057,0.383200342246038,0.960108260475774,0.282443318260681,FALSE,FALSE
"Poisson(lambda = 1)",5,0.99828,0.448456411388324,1,0.447213595499958,-0.00171999999999994,1.0027790208099,0.49177137747961,0.283668411317824,0.984295190922423,0.177217313814081,FALSE,FALSE
"Poisson(lambda = 1)",10,0.99851,0.313637715783162,1,0.316227766016838,-0.00148999999999999,0.991809542007331,0.333420002723298,0.115943613414749,0.992490520313686,0.122544759609037,FALSE,FALSE
"Poisson(lambda = 1)",15,0.998686666666667,0.25718130319127,1,0.258198889747161,-0.00131333333333339,0.99605890421571,0.280222882892781,0.10963334316375,0.994898499688491,0.101004048390743,FALSE,FALSE
"Poisson(lambda = 1)",20,0.99998,0.223725288915873,1,0.223606797749979,-2.000000000002e-05,1.00052990860335,0.213016563813842,-0.0152820884587763,0.996518337882557,0.083441698562273,FALSE,FALSE
"Poisson(lambda = 1)",30,1.00288666666667,0.18207777382333,1,0.182574185835055,0.0028866666666667,0.997281039433615,0.142253744091351,-0.00749092628474868,0.997931101915092,0.064321976239948,TRUE,TRUE
"Poisson(lambda = 1)",40,1.00414,0.158009436737844,1,0.158113883008419,0.00414000000000003,0.999339423783743,0.170762635864765,0.0453337378005996,0.998119338812462,0.0613260669410904,TRUE,TRUE
"Poisson(lambda = 1)",50,1.003832,0.140834439005241,1,0.14142135623731,0.00383200000000006,0.995849868452092,0.138624066680187,0.0119814837096817,0.998539048426684,0.0540514994492313,TRUE,TRUE
"Poisson(lambda = 1)",75,1.00102266666667,0.115536642201186,1,0.115470053837925,0.00102266666666662,1.0005766721418,0.0973133149955265,-0.0359717668544395,0.999092208837752,0.0426071831225402,TRUE,TRUE
"Poisson(lambda = 1)",100,1.00023,0.100693798339832,1,0.1,0.000229999999999952,1.00693798339832,0.0803467526716052,-0.0236368433874237,0.999332643275537,0.0365316155841893,TRUE,TRUE
"Poisson(lambda = 1)",150,1.00068466666667,0.0819478594327564,1,0.0816496580927726,0.000684666666666667,1.00365220561787,0.0771154160071787,-0.00980749644919454,0.999483713041032,0.0321318290909342,TRUE,TRUE
"Poisson(lambda = 1)",200,1.0000755,0.071133415467202,1,0.0707106781186548,7.54999999998951e-05,1.00597840891637,0.0733903219334926,-0.0736701796957151,0.99955696499283,0.0297652066158091,TRUE,TRUE
"Poisson(lambda = 1)",300,0.999991,0.0576671890392738,1,0.0577350269189626,-9.00000000003676e-06,0.998825013457013,0.0445214104890489,0.0430757596421079,0.999760290336156,0.0218943826439827,TRUE,FALSE
"Poisson(lambda = 1)",500,1.0003048,0.0446428762021397,1,0.0447213595499958,0.000304800000000105,0.99824505899092,0.0465420297944947,-0.0132211110876321,0.999770175361001,0.0214381956818682,TRUE,FALSE
"Binomial(size = 5, p = .10)",2,0.5003,0.470926838488456,0.5,0.474341649025257,0.000299999999999856,0.992800947283844,0.816875774918447,0.38417308916272,0.917740697846737,0.40558541375216,FALSE,FALSE
"Binomial(size = 5, p = .10)",5,0.50156,0.302560276097279,0.5,0.3,0.00156000000000001,1.0085342536576,0.563145871996543,0.319479846320932,0.970029534423168,0.24481417641339,FALSE,FALSE
"Binomial(size = 5, p = .10)",10,0.50101,0.211349111057214,0.5,0.212132034355964,0.00100999999999996,0.996309264175366,0.405623232361785,0.142994255559568,0.985434850799141,0.170666109289807,FALSE,FALSE
"Binomial(size = 5, p = .10)",15,0.50054,0.172958665206425,0.5,0.173205080756888,0.000539999999999985,0.998577319156077,0.311769211308771,0.0619555434381853,0.990738827851657,0.136088929739293,FALSE,FALSE
"Binomial(size = 5, p = .10)",20,0.50075,0.151508194409731,0.5,0.15,0.000750000000000028,1.01005462939821,0.248477118901251,-0.047645284105188,0.993390683867336,0.114965645985245,FALSE,FALSE
"Binomial(size = 5, p = .10)",30,0.501683333333333,0.122255174484868,0.5,0.122474487139159,0.00168333333333337,0.998209319676169,0.180816217191489,-0.0183070853836584,0.995880056013047,0.0907685671056249,FALSE,FALSE
"Binomial(size = 5, p = .10)",40,0.502565,0.106366945841823,0.5,0.106066017177982,0.00256500000000004,1.00283718265141,0.203711674081366,0.068260988963448,0.99649089511664,0.0837699004813905,FALSE,FALSE
"Binomial(size = 5, p = .10)",50,0.50202,0.094599019537465,0.5,0.0948683298050514,0.00202000000000002,0.997161220523859,0.157669807271591,-0.00844463432889064,0.997374105342818,0.072465030180569,TRUE,TRUE
"Binomial(size = 5, p = .10)",75,0.500053333333333,0.0775983632096669,0.5,0.0774596669241483,5.33333333333497e-05,1.00179056134665,0.131069515835779,0.00491343907085051,0.99823532682325,0.0594048597644107,TRUE,TRUE
"Binomial(size = 5, p = .10)",100,0.499494,0.0676479237534969,0.5,0.0670820393249937,-0.000506000000000006,1.00843570699695,0.121018175935893,0.0133436006303471,0.998582142272284,0.0532483511046255,TRUE,TRUE
"Binomial(size = 5, p = .10)",150,0.499992666666667,0.0549857765528308,0.5,0.0547722557505166,-7.33333333330366e-06,1.00389833866414,0.121716687683061,-0.00131467383339601,0.998898644015627,0.0469303399567015,TRUE,TRUE
"Binomial(size = 5, p = .10)",200,0.4996535,0.0476449833895883,0.5,0.0474341649025257,-0.000346499999999972,1.00444444394659,0.129848839064377,0.0577455557424456,0.999009674948622,0.0445019178417159,TRUE,TRUE
"Binomial(size = 5, p = .10)",300,0.499786333333333,0.0388263596836907,0.5,0.0387298334620742,-0.000213666666666668,1.00249229632529,0.0655454931284116,0.028927617604162,0.999504905365301,0.0314654525929267,TRUE,FALSE
"Binomial(size = 5, p = .10)",500,0.499917,0.0302094947385291,0.5,0.03,-8.29999999999997e-05,1.00698315795097,0.0457393363503689,0.0222908563659039,0.999697070602432,0.0246127771185427,TRUE,FALSE
"Binomial(size = 20, p = .50)",2,9.9939,1.55961727055169,10,1.58113883008419,-0.00609999999999822,0.986388570615677,0.00288917787586021,-0.0930616101263082,0.995625933574568,0.0935260323007497,FALSE,FALSE
"Binomial(size = 20, p = .50)",5,9.99692,1.00603564766484,10,1,-0.00308000000000064,1.00603564766484,0.00461795200555754,0.085747900509781,0.998241923546115,0.0592937218241609,TRUE,TRUE
"Binomial(size = 20, p = .50)",10,9.99816,0.702159467066941,10,0.707106781186547,-0.00183999999999962,0.993003441274733,0.00151632249064036,-0.00409991613315031,0.999085756649148,0.0427583317554611,TRUE,TRUE
"Binomial(size = 20, p = .50)",15,9.99827333333333,0.576824701048975,10,0.577350269189626,-0.00172666666666643,0.999089689277554,-0.0147786201964813,0.0377823381907905,0.999396184672565,0.0347489694666757,TRUE,TRUE
"Binomial(size = 20, p = .50)",20,9.99874,0.502175895939903,10,0.5,-0.00126000000000026,1.00435179187981,-0.00637419281564857,-0.0177604821639514,0.999558882962677,0.029700707566733,TRUE,TRUE
"Binomial(size = 20, p = .50)",30,10.00532,0.408111800874569,10,0.408248290463863,0.00531999999999933,0.999665670151028,-0.0266765516446217,-0.0411418613668264,0.999617349916157,0.0276624597977264,TRUE,TRUE
"Binomial(size = 20, p = .50)",40,10.0079375,0.352344963481921,10,0.353553390593274,0.0079375000000006,0.996582051979971,0.0183637432717603,0.0254712675674225,0.999703638591781,0.0243444930533851,TRUE,TRUE
"Binomial(size = 20, p = .50)",50,10.007878,0.313158783939386,10,0.316227766016838,0.00787799999999983,0.990295026537018,0.0254757501334496,0.00473732285667605,0.999748285205954,0.0224359414256968,TRUE,TRUE
"Binomial(size = 20, p = .50)",75,10.0020026666667,0.259588099221985,10,0.258198889747161,0.00200266666666593,1.00538038516039,-0.0160628806941057,0.0212239263591485,0.999746142227102,0.0225312433819365,TRUE,TRUE
"Binomial(size = 20, p = .50)",100,9.998985,0.22505364846958,10,0.223606797749979,-0.00101500000000065,1.00647051312464,-0.00583811983410727,0.000150130610379939,0.999779153910159,0.0210152615487181,TRUE,TRUE
"Binomial(size = 20, p = .50)",150,9.999972,0.18520925857782,10,0.182574185835055,-2.80000000003611e-05,1.01443288781879,0.0206811397978132,0.0244726517444898,0.999839048341683,0.0179406311205128,TRUE,TRUE
"Binomial(size = 20, p = .50)",200,9.999389,0.159402360679693,10,0.158113883008419,-0.000610999999999251,1.00814904831099,0.0363293936269678,-0.0592401765604809,0.999857640466535,0.0168726496731637,TRUE,TRUE
"Binomial(size = 20, p = .50)",300,9.99955133333333,0.12923877156388,10,0.129099444873581,-0.000448666666667208,1.00107921990243,0.00267504551291542,-0.0193384091540985,0.999907756289417,0.0135818365308296,TRUE,FALSE
"Binomial(size = 20, p = .50)",500,10.000131,0.100203725068741,10,0.1,0.000130999999999659,1.00203725068741,0.0174588483697702,0.0177250101577484,0.999901837932827,0.0140107681518582,TRUE,FALSE
"Cauchy(location = 0, scale = 1)",2,-1.99355967191816,113.688245088038,NA,NA,NA,NA,-54.8519839647362,3336.65782827875,0.150266683448583,1.30356034464798,FALSE,FALSE
"Cauchy(location = 0, scale = 1)",5,-3.40506493201132,382.589229468818,NA,NA,NA,NA,-90.9375192066214,8865.81385737507,0.0847272079202051,1.35289812032143,FALSE,FALSE
"Cauchy(location = 0, scale = 1)",10,-0.509306504791776,245.963916236041,NA,NA,NA,NA,-24.5418172058051,4319.15224660223,0.125442604451152,1.32246435611481,FALSE,FALSE
"Cauchy(location = 0, scale = 1)",15,-0.14847757583149,165.018854319971,NA,NA,NA,NA,-24.0346455279933,4211.81080468249,0.140724795102416,1.31085893061635,FALSE,FALSE
"Cauchy(location = 0, scale = 1)",20,-0.196128632986782,125.387547584893,NA,NA,NA,NA,-23.3191873582771,3999.89968805159,0.157538683367799,1.29797043831749,FALSE,FALSE
"Cauchy(location = 0, scale = 1)",30,3.73787706276181,360.161130879301,NA,NA,NA,NA,88.2509936390305,8477.5749850191,0.0879617328288344,1.35050546991452,FALSE,FALSE
"Cauchy(location = 0, scale = 1)",40,-0.808571435452501,462.580519689583,NA,NA,NA,NA,-34.8801221173668,5217.80244413363,0.0896887238454366,1.34922623853134,FALSE,FALSE
"Cauchy(location = 0, scale = 1)",50,-0.639965411794473,370.225028606355,NA,NA,NA,NA,-34.8328812232102,5208.47844392779,0.09463294388153,1.3455571891528,FALSE,FALSE
"Cauchy(location = 0, scale = 1)",75,-0.609469914136773,248.430900276171,NA,NA,NA,NA,-34.1890650235695,5073.22009467543,0.107721424968065,1.33579572631846,FALSE,FALSE
"Cauchy(location = 0, scale = 1)",100,-0.561778900419626,189.967055647224,NA,NA,NA,NA,-32.5193542047345,4702.14894704784,0.126324419966193,1.32179746809618,FALSE,FALSE
"Cauchy(location = 0, scale = 1)",150,0.462819034338717,156.822316739683,NA,NA,NA,NA,1.34100222174727,3042.48512084415,0.143560271334864,1.30869432683327,FALSE,FALSE
"Cauchy(location = 0, scale = 1)",200,2.48161207757379,231.606832670755,NA,NA,NA,NA,63.307001671012,5614.58599348242,0.115926268058397,1.32963996594979,FALSE,FALSE
"Cauchy(location = 0, scale = 1)",300,6.78830858408257,553.3597216181,NA,NA,NA,NA,89.1590479906634,8437.35429466011,0.0783911613321431,1.35757281490021,FALSE,FALSE
"Cauchy(location = 0, scale = 1)",500,4.19058549854339,334.261109903622,NA,NA,NA,NA,87.4611799860893,8213.51476718596,0.0934939503676615,1.3464033096235,FALSE,FALSE
"Dependent machine-failure process",2,0.993257694194054,0.945732755801715,1,NA,-0.0067423058059457,NA,2.00553430658676,6.48834832186207,0.907589268717416,0.429883742300571,FALSE,FALSE
"Dependent machine-failure process",5,0.995483985338179,0.830714218124109,1,NA,-0.00451601466182083,NA,1.65912203764832,3.84832045703412,0.927945090529798,0.37959598124559,FALSE,FALSE
"Dependent machine-failure process",10,0.995220975311893,0.708940248800961,1,NA,-0.00477902468810742,NA,1.43808995256811,2.88370958738613,0.944880332739499,0.332003843353877,FALSE,FALSE
"Dependent machine-failure process",15,0.994540296375431,0.626906444906073,1,NA,-0.00545970362456916,NA,1.31841763337283,2.49099834813014,0.954130451025546,0.302867067572331,FALSE,FALSE
"Dependent machine-failure process",20,0.992143561346531,0.560953018587036,1,NA,-0.0078564386534693,NA,1.17084285527911,2.22019297511674,0.964490396728414,0.266478839279645,FALSE,FALSE
"Dependent machine-failure process",30,0.998545685577994,0.48029742554956,1,NA,-0.00145431442200616,NA,0.98462974611912,1.40429140827604,0.973642764641777,0.229583009994354,FALSE,FALSE
"Dependent machine-failure process",40,0.99956415207169,0.427121701826303,1,NA,-0.00043584792830953,NA,0.91685770147593,1.35582603362665,0.977794963627344,0.210724757542319,FALSE,FALSE
"Dependent machine-failure process",50,1.00062293252582,0.382712448009792,1,NA,0.000622932525820907,NA,0.828290552533641,1.16167582556888,0.981967638052706,0.189896135488155,FALSE,FALSE
"Dependent machine-failure process",75,1.00058193472495,0.320221882712096,1,NA,0.000581934724947386,NA,0.698563637441568,0.897392147540669,0.987119102239928,0.160495509508253,FALSE,FALSE
"Dependent machine-failure process",100,1.00080058585719,0.279517747653152,1,NA,0.000800585857189118,NA,0.572948854508539,0.538065842130149,0.990998392959711,0.134168277834514,FALSE,FALSE
"Dependent machine-failure process",150,0.999730996308898,0.231107424853195,1,NA,-0.000269003691102054,NA,0.514347136709325,0.439606795371532,0.992749816318158,0.120410490539133,FALSE,FALSE
"Dependent machine-failure process",200,0.999543607195122,0.19892728683281,1,NA,-0.000456392804878081,NA,0.38394250836422,0.156260242304949,0.995744761576818,0.0922468984345193,FALSE,FALSE
"Dependent machine-failure process",300,0.9997747594966,0.165394784096216,1,NA,-0.000225240503400559,NA,0.375954272631914,0.238268209180498,0.996051521221011,0.0888596765854662,FALSE,FALSE
"Dependent machine-failure process",500,1.00108541249786,0.127033594310107,1,NA,0.00108541249786209,NA,0.282329923835067,0.124592404879941,0.997719382823641,0.0675329971979178,FALSE,FALSE
"Non-identical Bernoulli process",2,0.70425,0.293539697580069,0.7,0.291547594742265,0.00424999999999964,1.00683285636283,-0.405353704335853,-0.704750141557137,0.856051301913456,0.536529601568037,FALSE,FALSE
"Non-identical Bernoulli process",5,0.6986,0.198136230398618,0.7,0.194935886896179,-0.00139999999999996,1.0164174157637,-0.325915648609044,-0.273412065764638,0.948544963325684,0.320777400532018,FALSE,FALSE
"Non-identical Bernoulli process",10,0.70151,0.138436398261573,0.7,0.139177477956638,0.00151000000000001,0.994675290097615,-0.239647940514271,-0.187364189166929,0.975274372747209,0.222363487678439,FALSE,FALSE
"Non-identical Bernoulli process",15,0.7004,0.113917240634468,0.7,0.113947913469826,0.000400000000000067,0.999730817051195,-0.169958636238758,-0.118742534363178,0.984483006863998,0.176154443567756,FALSE,FALSE
"Non-identical Bernoulli process",20,0.699815,0.0994771599189191,0.7,0.0988086934168084,-0.000184999999999991,1.00676526000896,-0.207260484783568,0.0011254264728553,0.988045401811031,0.154617024443476,FALSE,FALSE
"Non-identical Bernoulli process",30,0.699143333333333,0.0813144417503873,0.7,0.0807768792078487,-0.000856666666666617,1.00665490605493,-0.154488385348036,-0.0568400537015972,0.992175709737919,0.125087034706184,FALSE,FALSE
"Non-identical Bernoulli process",40,0.6993375,0.069750341251927,0.7,0.0699969474303891,-0.00066250000000001,0.996476900957613,-0.166223859611715,0.0389898562876461,0.993728643117342,0.111987765549883,FALSE,FALSE
"Non-identical Bernoulli process",50,0.69848,0.0626399391458623,0.7,0.0626294577622371,-0.00151999999999997,1.00016735549053,-0.117090676405508,0.0148813433647672,0.995288782778939,0.0970635983307171,FALSE,FALSE
"Non-identical Bernoulli process",75,0.700144,0.051193328620486,0.7,0.051160701885504,0.000144000000000033,1.00063773040204,-0.105443093027478,-0.00188465254391845,0.996799842170438,0.0799973359982073,TRUE,TRUE
"Non-identical Bernoulli process",100,0.700353,0.044244334632975,0.7,0.044316735709809,0.000353000000000048,0.998366281368101,-0.0695350238606601,0.0150817043764908,0.997656380063868,0.0684594523724108,TRUE,TRUE
"Non-identical Bernoulli process",150,0.700272666666667,0.0365850234895058,0.7,0.0361927889456303,0.000272666666666699,1.0108373672022,-0.0722468420306313,0.0313302161907028,0.99837065760818,0.0570815835296319,TRUE,TRUE
"Non-identical Bernoulli process",200,0.7002355,0.0312043973053656,0.7,0.0313474610867119,0.000235500000000055,0.995436192393683,-0.0790081142028309,0.0372938128025155,0.998681435721775,0.0513500050969685,TRUE,TRUE
"Non-identical Bernoulli process",300,0.700269666666667,0.0255999247818645,0.7,0.0255980129756539,0.000269666666666724,1.00007468572707,-0.0700358563014162,0.0252262252898645,0.999119180966667,0.0419694418709913,TRUE,FALSE
"Non-identical Bernoulli process",500,0.7000026,0.0198045958161621,0.7,0.0198299382980838,2.60000000007476e-06,0.998722009038011,-0.0668281097772968,0.0406740531611463,0.999389689718503,0.0349353586044281,TRUE,FALSE
"Custom age-at-death mixture",2,49.92025,19.5351625843047,49.9809754772122,19.5405534445727,-0.060725477212145,0.999724119366255,-0.584698136946597,-0.444175450526078,0.964864400270229,0.265071785437776,FALSE,FALSE
"Custom age-at-death mixture",5,49.93176,12.2983903151118,49.9809754772122,12.3585311250197,-0.0492154772121935,0.99513366035983,-0.366939996797313,-0.170764922266947,0.993517866089776,0.113854138294131,FALSE,FALSE
"Custom age-at-death mixture",10,49.88913,8.73007321051352,49.9809754772122,8.73880116400645,-0.091845477212189,0.999001241322566,-0.245154378267797,-0.14223450842063,0.997703725182215,0.0677644254919985,FALSE,FALSE
"Custom age-at-death mixture",15,49.9327533333333,7.10030307526681,49.9809754772122,7.1352012718185,-0.0482221438788599,0.995109010212575,-0.226576295570196,-0.0460277185539435,0.998310535595611,0.058125186111533,FALSE,FALSE
"Custom age-at-death mixture",20,49.99209,6.17357402430093,49.9809754772122,6.17926556250985,0.0111145227878069,0.999078929663834,-0.210396061637668,-0.0517023628225641,0.998582148500162,0.0532482341589175,FALSE,FALSE
"Custom age-at-death mixture",30,50.01158,5.0100097727841,49.9809754772122,5.04534920443374,0.0306045227878116,0.992995642081903,-0.146777499340208,-0.0189761884566337,0.999314148858623,0.0370343554277826,TRUE,TRUE
"Custom age-at-death mixture",40,50.02297,4.33793052828498,49.9809754772122,4.36940058200322,0.0419945227878102,0.992797626784813,-0.137719858321709,0.0221734542245122,0.999433768288802,0.0336501465446904,TRUE,TRUE
"Custom age-at-death mixture",50,50.01346,3.88143521166209,49.9809754772122,3.90811068891454,0.0324845227878114,0.9931743291386,-0.135682714699861,-0.00109916470239568,0.999402524012718,0.0345660768496778,TRUE,TRUE
"Custom age-at-death mixture",75,49.99528,3.1940537613907,49.9809754772122,3.19095901538582,0.0143045227878105,1.00096984824623,-0.0744111199837441,0.029234342102741,0.99978925078993,0.0205292425573078,TRUE,TRUE
"Custom age-at-death mixture",100,49.96706,2.75109759008927,49.9809754772122,2.7634515697591,-0.013915477212187,0.995529511063258,-0.094424844621054,0.0507236697449427,0.999674494048276,0.0255134605672785,TRUE,TRUE
"Custom age-at-death mixture",150,49.9402873333333,2.24167222407936,49.9809754772122,2.25634875826766,-0.0406881438788602,0.993495449613218,-0.0925413195005492,0.0357534301380786,0.999694613879846,0.024712378941471,TRUE,TRUE
"Custom age-at-death mixture",200,49.969297,1.94019702407776,49.9809754772122,1.95405534445727,-0.0116784772121932,0.992907918182145,-0.0580070284566845,-0.0455581673415564,0.999835447798212,0.0181401901021477,TRUE,TRUE
"Custom age-at-death mixture",300,49.971945,1.60230212984245,49.9809754772122,1.59547950769291,-0.00903047721219252,1.00427622048208,-0.0263723422163452,0.00777752814364607,0.999917687643436,0.0128298822557148,TRUE,FALSE
"Custom age-at-death mixture",500,49.9637834,1.23920102073934,49.9809754772122,1.23585311250197,-0.0171920772121936,1.00270898556107,-0.0656710340500125,0.107728003859601,0.999743768436262,0.0226363415667635,TRUE,FALSE
